restaurant_id,name,city,city_tier,cuisine_primary,cuisine_secondary,price_range,avg_rating,total_orders_lifetime,is_chain,delivery_only,peak_hours
R0001,The Tandoor Cafe,Chandigarh,Tier2,Chinese,Continental,budget,4.5,25892,False,False,"12-14,19-22"
R0002,Urban Tadka Diner,Pune,Tier1,South Indian,Chinese,mid,4.8,13136,False,False,"12-14,19-22"
R0003,The Yellow Chilli,Bangalore,Tier1,Continental,North Indian,budget,4.7,12267,False,False,"12-14,19-22"
R0004,Saravana Bhavan Cloud,Delhi,Tier1,Biryani,Indian Street,mid,4.2,20300,True,False,"12-14,19-22"
R0005,The Yellow Chilli Kitchen,Pune,Tier1,North Indian,Biryani,budget,3.4,32257,False,True,"12-14,19-22"
R0006,Moti Mahal,Chandigarh,Tier2,South Indian,,mid,3.7,9371,False,True,"12-14,19-22"
R0007,The Yellow Chilli Kitchen,Bangalore,Tier1,Mughlai,Indian Street,mid,3.6,7754,False,True,"12-14,19-22"
R0008,Moti Mahal Kitchen,Pune,Tier1,South Indian,,mid,4.2,7186,False,True,"12-14,19-22"
R0009,Behrouz,Pune,Tier1,Biryani,Indian Street,mid,4.3,39988,True,True,"12-14,19-22"
R0010,Urban Tadka Diner,Chandigarh,Tier2,Biryani,,mid,3.6,22011,False,True,"12-14,19-22"
R0011,Cafe Mocha Restaurant,Bangalore,Tier1,Chinese,,budget,4.1,24402,False,False,"12-14,19-22"
R0012,The Tandoor Kitchen,Surat,Tier2,Chinese,South Indian,premium,4.7,6806,False,False,"12-14,19-22"
R0013,Bawarchi Kitchen,Pune,Tier1,Indian Street,Chinese,budget,4.3,46770,False,False,"12-14,19-22"
R0014,The Tandoor Kitchen,Lucknow,Tier2,Continental,,budget,3.4,26317,False,True,"12-14,19-22"
R0015,Biryani Blues Cloud,Mumbai,Tier1,Biryani,Indian Street,mid,3.7,38111,True,False,"12-14,19-22"
R0016,Paradise,Chandigarh,Tier2,Continental,Chinese,mid,3.6,43466,True,False,"12-14,19-22"
R0017,Spice Route,Surat,Tier2,Chinese,Mughlai,premium,4.7,7466,False,False,"12-14,19-22"
R0018,Spice Route Kitchen,Pune,Tier1,Biryani,South Indian,budget,3.7,18846,False,False,"12-14,19-22"
R0019,Faasos,Kochi,Tier2,Mughlai,Biryani,premium,4.6,31152,True,True,"12-14,19-22"
R0020,The Tandoor Diner,Surat,Tier2,Indian Street,Chinese,mid,4.4,47580,False,True,"12-14,19-22"
R0021,Cafe Mocha Cafe,Kochi,Tier2,Mughlai,,budget,4.0,7156,False,True,"12-14,19-22"
R0022,The Yellow Chilli Diner,Kochi,Tier2,Chinese,Biryani,mid,4.7,47744,False,True,"12-14,19-22"
R0023,Moti Mahal Diner,Surat,Tier2,Continental,,mid,3.6,1125,False,False,"12-14,19-22"
R0024,The Tandoor Diner,Mumbai,Tier1,Continental,Chinese,mid,4.3,4185,False,False,"12-14,19-22"
R0025,The Yellow Chilli Diner,Kochi,Tier2,North Indian,Indian Street,budget,4.6,40062,False,True,"12-14,19-22"
R0026,Urban Tadka Cafe,Mumbai,Tier1,Biryani,South Indian,mid,4.4,31838,False,True,"12-14,19-22"
R0027,Cafe Mocha Cafe,Chandigarh,Tier2,Biryani,Mughlai,budget,4.0,14458,False,False,"12-14,19-22"
R0028,The Tandoor Diner,Hyderabad,Tier1,Chinese,,budget,3.8,5495,False,False,"12-14,19-22"
R0029,Sagar Ratna Restaurant,Lucknow,Tier2,Continental,Mughlai,budget,3.4,48268,False,True,"12-14,19-22"
R0030,Sagar Ratna Diner,Mumbai,Tier1,South Indian,North Indian,budget,3.2,25653,False,True,"12-14,19-22"
R0031,Bikanervala Dine-in,Hyderabad,Tier1,Biryani,South Indian,premium,4.8,9771,True,True,"12-14,19-22"
R0032,The Tandoor Diner,Bangalore,Tier1,South Indian,Indian Street,premium,3.8,44483,False,True,"12-14,19-22"
R0033,The Tandoor Cafe,Jaipur,Tier2,North Indian,Continental,mid,4.0,31154,False,False,"12-14,19-22"
R0034,Bikanervala Express,Mumbai,Tier1,Biryani,Continental,mid,3.4,10722,True,True,"12-14,19-22"
R0035,Saravana Bhavan Cloud,Jaipur,Tier2,Biryani,Chinese,premium,4.5,36662,True,True,"12-14,19-22"
R0036,Spice Route Diner,Pune,Tier1,South Indian,Continental,budget,4.0,2886,False,True,"12-14,19-22"
R0037,Cafe Mocha Cafe,Hyderabad,Tier1,Continental,Chinese,budget,3.6,26761,False,False,"12-14,19-22"
R0038,The Tandoor Kitchen,Delhi,Tier1,North Indian,Mughlai,budget,3.4,13174,False,False,"12-14,19-22"
R0039,Spice Route Restaurant,Kochi,Tier2,Chinese,North Indian,mid,4.7,25191,False,False,"12-14,19-22"
R0040,The Tandoor Restaurant,Lucknow,Tier2,Biryani,Continental,mid,4.5,7551,False,True,"12-14,19-22"
R0041,Bawarchi Kitchen,Pune,Tier1,South Indian,,mid,4.4,31197,False,False,"12-14,19-22"
R0042,Haldiram's Cloud,Lucknow,Tier2,Indian Street,Chinese,mid,4.6,26648,True,False,"12-14,19-22"
R0043,Biryani Blues Dine-in,Jaipur,Tier2,Indian Street,Biryani,mid,4.4,49095,True,False,"12-14,19-22"
R0044,Cafe Mocha Kitchen,Mumbai,Tier1,Indian Street,North Indian,mid,3.8,49638,False,True,"12-14,19-22"
R0045,Urban Tadka Kitchen,Hyderabad,Tier1,North Indian,Mughlai,premium,3.8,18517,False,True,"12-14,19-22"
R0046,Sagar Ratna Diner,Bangalore,Tier1,North Indian,Biryani,mid,4.7,9614,False,True,"12-14,19-22"
R0047,Spice Route,Kochi,Tier2,North Indian,Continental,budget,4.1,11182,False,False,"12-14,19-22"
R0048,Sagar Ratna Kitchen,Surat,Tier2,North Indian,Indian Street,budget,4.4,49197,False,False,"12-14,19-22"
R0049,Cafe Mocha Restaurant,Delhi,Tier1,South Indian,Chinese,budget,3.9,10728,False,False,"12-14,19-22"
R0050,Biryani Blues Express,Kochi,Tier2,Continental,North Indian,mid,3.8,33516,True,False,"12-14,19-22"
R0051,Domino's Cloud,Delhi,Tier1,South Indian,,budget,4.2,45665,True,False,"12-14,19-22"
R0052,Behrouz,Surat,Tier2,Chinese,,mid,4.5,38784,True,False,"12-14,19-22"
R0053,Haldiram's,Delhi,Tier1,Chinese,Mughlai,budget,4.5,31004,True,True,"12-14,19-22"
R0054,The Tandoor Restaurant,Jaipur,Tier2,Chinese,,budget,3.3,49579,False,True,"12-14,19-22"
R0055,Urban Tadka Restaurant,Kochi,Tier2,Indian Street,Mughlai,premium,4.7,46921,False,True,"12-14,19-22"
R0056,Moti Mahal Diner,Kochi,Tier2,Chinese,,budget,4.7,19994,False,True,"12-14,19-22"
R0057,Moti Mahal Diner,Delhi,Tier1,Continental,North Indian,budget,4.0,48021,False,False,"12-14,19-22"
R0058,Cafe Mocha,Pune,Tier1,Continental,,mid,3.4,25922,False,False,"12-14,19-22"
R0059,Moti Mahal Diner,Bangalore,Tier1,South Indian,Indian Street,budget,3.4,9365,False,True,"12-14,19-22"
R0060,Domino's Cloud,Jaipur,Tier2,Biryani,,budget,3.9,32990,True,True,"12-14,19-22"
R0061,Moti Mahal Restaurant,Jaipur,Tier2,North Indian,Continental,budget,3.9,26741,False,False,"12-14,19-22"
R0062,Spice Route Diner,Mumbai,Tier1,Biryani,Continental,mid,4.0,42848,False,False,"12-14,19-22"
R0063,Cafe Mocha,Jaipur,Tier2,Mughlai,,premium,3.5,25791,False,False,"12-14,19-22"
R0064,Moti Mahal Cafe,Kochi,Tier2,North Indian,,budget,4.4,23839,False,False,"12-14,19-22"
R0065,Bikanervala Express,Hyderabad,Tier1,Mughlai,Chinese,mid,4.4,3127,True,False,"12-14,19-22"
R0066,Biryani Blues Express,Pune,Tier1,South Indian,,mid,3.2,24782,True,False,"12-14,19-22"
R0067,Moti Mahal Kitchen,Pune,Tier1,Chinese,,budget,3.9,47538,False,False,"12-14,19-22"
R0068,The Yellow Chilli,Chandigarh,Tier2,Mughlai,,budget,3.8,37956,False,True,"12-14,19-22"
R0069,Bawarchi Restaurant,Mumbai,Tier1,Continental,North Indian,mid,3.5,9382,False,True,"12-14,19-22"
R0070,Cafe Mocha Cafe,Kochi,Tier2,South Indian,Chinese,mid,3.9,35142,False,True,"12-14,19-22"
R0071,Bawarchi Cafe,Pune,Tier1,Continental,South Indian,mid,4.7,30540,False,False,"12-14,19-22"
R0072,Urban Tadka Diner,Hyderabad,Tier1,North Indian,Chinese,budget,4.0,47454,False,True,"12-14,19-22"
R0073,The Yellow Chilli Restaurant,Jaipur,Tier2,Indian Street,,budget,4.1,41927,False,True,"12-14,19-22"
R0074,The Tandoor Diner,Hyderabad,Tier1,Biryani,Chinese,mid,3.8,8565,False,False,"12-14,19-22"
R0075,Domino's Cloud,Chandigarh,Tier2,Biryani,Indian Street,mid,4.3,17992,True,True,"12-14,19-22"
R0076,Sagar Ratna Diner,Pune,Tier1,North Indian,,mid,3.4,18343,False,False,"12-14,19-22"
R0077,Sagar Ratna Restaurant,Bangalore,Tier1,North Indian,,premium,3.8,43573,False,False,"12-14,19-22"
R0078,The Tandoor,Bangalore,Tier1,Indian Street,Biryani,budget,3.8,44476,False,False,"12-14,19-22"
R0079,Moti Mahal Kitchen,Jaipur,Tier2,Mughlai,South Indian,budget,4.4,34185,False,False,"12-14,19-22"
R0080,Moti Mahal Diner,Jaipur,Tier2,South Indian,Mughlai,budget,4.0,26149,False,False,"12-14,19-22"
R0081,Cafe Mocha,Surat,Tier2,North Indian,Chinese,budget,4.4,28643,False,True,"12-14,19-22"
R0082,Domino's Cloud,Bangalore,Tier1,Biryani,,mid,4.4,153,True,True,"12-14,19-22"
R0083,The Tandoor Kitchen,Delhi,Tier1,South Indian,Biryani,budget,4.1,8221,False,False,"12-14,19-22"
R0084,Moti Mahal Cafe,Pune,Tier1,Indian Street,,budget,3.3,40574,False,True,"12-14,19-22"
R0085,Moti Mahal,Mumbai,Tier1,Biryani,,premium,3.9,11063,False,True,"12-14,19-22"
R0086,Cafe Mocha Cafe,Hyderabad,Tier1,North Indian,Continental,budget,4.8,7631,False,True,"12-14,19-22"
R0087,Sagar Ratna Cafe,Jaipur,Tier2,Mughlai,South Indian,budget,3.5,11782,False,True,"12-14,19-22"
R0088,Domino's Express,Jaipur,Tier2,Continental,Mughlai,budget,4.3,38938,True,True,"12-14,19-22"
R0089,Bawarchi Restaurant,Mumbai,Tier1,Mughlai,,budget,4.5,12166,False,True,"12-14,19-22"
R0090,Urban Tadka Diner,Lucknow,Tier2,Mughlai,South Indian,budget,4.6,16325,False,False,"12-14,19-22"
R0091,Saravana Bhavan Dine-in,Hyderabad,Tier1,Biryani,,budget,3.4,24884,True,False,"12-14,19-22"
R0092,Bawarchi,Mumbai,Tier1,Biryani,Continental,budget,3.8,36195,False,True,"12-14,19-22"
R0093,The Tandoor Cafe,Delhi,Tier1,Continental,South Indian,premium,3.3,5593,False,False,"12-14,19-22"
R0094,Cafe Mocha Cafe,Mumbai,Tier1,Indian Street,,premium,3.2,2371,False,False,"12-14,19-22"
R0095,Behrouz,Jaipur,Tier2,Indian Street,Continental,mid,4.6,23937,True,False,"12-14,19-22"
R0096,Spice Route Cafe,Lucknow,Tier2,South Indian,Mughlai,premium,4.3,28208,False,True,"12-14,19-22"
R0097,Cafe Mocha Diner,Bangalore,Tier1,South Indian,,mid,4.0,28038,False,False,"12-14,19-22"
R0098,Cafe Mocha Restaurant,Jaipur,Tier2,South Indian,Indian Street,premium,3.2,41308,False,True,"12-14,19-22"
R0099,Moti Mahal Cafe,Chandigarh,Tier2,North Indian,South Indian,budget,4.0,10535,False,True,"12-14,19-22"
R0100,Cafe Mocha Cafe,Jaipur,Tier2,Chinese,,premium,3.9,47878,False,False,"12-14,19-22"
R0101,Cafe Mocha Restaurant,Chandigarh,Tier2,South Indian,,budget,3.8,42286,False,False,"12-14,19-22"
R0102,Cafe Mocha Diner,Jaipur,Tier2,North Indian,Mughlai,mid,4.2,42999,False,True,"12-14,19-22"
R0103,The Tandoor,Mumbai,Tier1,Chinese,Continental,mid,4.7,9530,False,True,"12-14,19-22"
R0104,The Yellow Chilli Cafe,Bangalore,Tier1,Biryani,,mid,4.4,27645,False,False,"12-14,19-22"
R0105,Urban Tadka,Hyderabad,Tier1,Mughlai,Continental,premium,3.9,30864,False,True,"12-14,19-22"
R0106,Bikanervala,Surat,Tier2,North Indian,Continental,budget,4.0,7154,True,True,"12-14,19-22"
R0107,The Tandoor,Hyderabad,Tier1,Biryani,Indian Street,budget,4.0,1602,False,False,"12-14,19-22"
R0108,Bawarchi Cafe,Chandigarh,Tier2,Indian Street,,budget,4.5,4517,False,False,"12-14,19-22"
R0109,Spice Route,Bangalore,Tier1,Mughlai,South Indian,budget,4.2,48614,False,False,"12-14,19-22"
R0110,Spice Route,Kochi,Tier2,Biryani,,budget,4.0,4139,False,True,"12-14,19-22"
R0111,Sagar Ratna Kitchen,Jaipur,Tier2,Chinese,,budget,4.5,31212,False,False,"12-14,19-22"
R0112,Cafe Mocha,Jaipur,Tier2,Biryani,Indian Street,mid,4.2,39433,False,True,"12-14,19-22"
R0113,The Tandoor Restaurant,Mumbai,Tier1,Mughlai,South Indian,budget,3.4,40437,False,False,"12-14,19-22"
R0114,Cafe Mocha Restaurant,Jaipur,Tier2,Biryani,,mid,3.4,8495,False,True,"12-14,19-22"
R0115,Cafe Mocha Restaurant,Pune,Tier1,Mughlai,Indian Street,mid,3.6,29784,False,True,"12-14,19-22"
R0116,The Tandoor Diner,Hyderabad,Tier1,Mughlai,North Indian,premium,4.3,13831,False,False,"12-14,19-22"
R0117,Cafe Mocha Cafe,Chandigarh,Tier2,Indian Street,,budget,3.7,13018,False,True,"12-14,19-22"
R0118,Bawarchi Diner,Lucknow,Tier2,South Indian,North Indian,mid,4.7,11840,False,True,"12-14,19-22"
R0119,Cafe Mocha Cafe,Pune,Tier1,Continental,South Indian,budget,3.9,18730,False,True,"12-14,19-22"
R0120,Urban Tadka Restaurant,Delhi,Tier1,North Indian,Mughlai,budget,3.5,35279,False,False,"12-14,19-22"
R0121,The Tandoor Restaurant,Delhi,Tier1,Chinese,South Indian,mid,3.7,13974,False,True,"12-14,19-22"
R0122,Moti Mahal Restaurant,Bangalore,Tier1,Continental,North Indian,premium,4.2,23277,False,False,"12-14,19-22"
R0123,Bawarchi Kitchen,Delhi,Tier1,Mughlai,Continental,budget,3.9,48145,False,True,"12-14,19-22"
R0124,Moti Mahal Kitchen,Mumbai,Tier1,Chinese,,budget,4.1,48206,False,True,"12-14,19-22"
R0125,The Yellow Chilli,Bangalore,Tier1,North Indian,Continental,mid,4.4,44553,False,True,"12-14,19-22"
R0126,Urban Tadka Restaurant,Kochi,Tier2,Mughlai,Continental,budget,4.7,9398,False,True,"12-14,19-22"
R0127,Bawarchi Diner,Bangalore,Tier1,Indian Street,Biryani,premium,3.3,30625,False,True,"12-14,19-22"
R0128,Urban Tadka,Delhi,Tier1,Mughlai,,mid,4.6,8989,False,False,"12-14,19-22"
R0129,Behrouz Cloud,Hyderabad,Tier1,Biryani,Chinese,budget,3.5,35879,True,True,"12-14,19-22"
R0130,Saravana Bhavan Dine-in,Mumbai,Tier1,Continental,,mid,4.5,13863,True,False,"12-14,19-22"
R0131,Behrouz,Mumbai,Tier1,Indian Street,Chinese,mid,4.6,48064,True,False,"12-14,19-22"
R0132,Bikanervala,Mumbai,Tier1,Continental,,premium,3.6,4766,True,False,"12-14,19-22"
R0133,Urban Tadka Kitchen,Mumbai,Tier1,South Indian,,mid,4.0,37756,False,False,"12-14,19-22"
R0134,Sagar Ratna Kitchen,Chandigarh,Tier2,Chinese,,budget,4.1,19934,False,False,"12-14,19-22"
R0135,Domino's Express,Kochi,Tier2,Biryani,Chinese,budget,3.3,3777,True,True,"12-14,19-22"
R0136,Sagar Ratna Restaurant,Lucknow,Tier2,Indian Street,,mid,4.3,2400,False,True,"12-14,19-22"
R0137,Domino's Dine-in,Lucknow,Tier2,South Indian,Mughlai,budget,3.8,17255,True,True,"12-14,19-22"
R0138,Bawarchi Diner,Mumbai,Tier1,Mughlai,,budget,3.9,14326,False,False,"12-14,19-22"
R0139,Moti Mahal Kitchen,Surat,Tier2,South Indian,Mughlai,mid,3.7,35468,False,False,"12-14,19-22"
R0140,Cafe Mocha Restaurant,Jaipur,Tier2,South Indian,Chinese,budget,4.1,37104,False,False,"12-14,19-22"
R0141,Urban Tadka,Hyderabad,Tier1,Chinese,,premium,3.3,11840,False,False,"12-14,19-22"
R0142,The Yellow Chilli Diner,Hyderabad,Tier1,Indian Street,,budget,4.7,45932,False,True,"12-14,19-22"
R0143,Sagar Ratna Diner,Mumbai,Tier1,Continental,,budget,3.5,37742,False,False,"12-14,19-22"
R0144,Urban Tadka Diner,Hyderabad,Tier1,Indian Street,North Indian,premium,4.2,46990,False,True,"12-14,19-22"
R0145,Urban Tadka Cafe,Bangalore,Tier1,Mughlai,North Indian,premium,4.2,33886,False,True,"12-14,19-22"
R0146,The Yellow Chilli,Chandigarh,Tier2,Chinese,,budget,3.6,1948,False,True,"12-14,19-22"
R0147,Spice Route Restaurant,Delhi,Tier1,Biryani,,mid,4.7,5964,False,False,"12-14,19-22"
R0148,Domino's Cloud,Bangalore,Tier1,Mughlai,Chinese,budget,4.4,2263,True,True,"12-14,19-22"
R0149,Sagar Ratna Diner,Kochi,Tier2,South Indian,,budget,3.3,47731,False,True,"12-14,19-22"
R0150,The Yellow Chilli,Delhi,Tier1,Chinese,Mughlai,budget,4.8,42780,False,True,"12-14,19-22"
R0151,Moti Mahal,Jaipur,Tier2,Mughlai,Chinese,budget,4.3,40289,False,True,"12-14,19-22"
R0152,Moti Mahal Kitchen,Pune,Tier1,Continental,Biryani,budget,4.3,16745,False,True,"12-14,19-22"
R0153,Paradise,Delhi,Tier1,Biryani,,budget,3.5,46334,True,False,"12-14,19-22"
R0154,Spice Route Cafe,Delhi,Tier1,Chinese,Mughlai,budget,4.2,34522,False,False,"12-14,19-22"
R0155,Moti Mahal Cafe,Pune,Tier1,Mughlai,South Indian,budget,3.5,21851,False,True,"12-14,19-22"
R0156,The Tandoor Cafe,Chandigarh,Tier2,Indian Street,Chinese,budget,3.9,49032,False,False,"12-14,19-22"
R0157,Moti Mahal Restaurant,Hyderabad,Tier1,South Indian,,mid,4.5,43194,False,False,"12-14,19-22"
R0158,Bawarchi Diner,Pune,Tier1,Mughlai,Biryani,mid,4.1,19722,False,False,"12-14,19-22"
R0159,Urban Tadka Cafe,Surat,Tier2,Biryani,Chinese,mid,4.3,28659,False,False,"12-14,19-22"
R0160,Spice Route,Kochi,Tier2,Continental,Biryani,mid,4.0,5113,False,False,"12-14,19-22"
R0161,Domino's Dine-in,Hyderabad,Tier1,Chinese,Continental,budget,3.2,48681,True,True,"12-14,19-22"
R0162,Moti Mahal Restaurant,Lucknow,Tier2,Continental,North Indian,budget,4.2,23462,False,True,"12-14,19-22"
R0163,Moti Mahal Kitchen,Kochi,Tier2,Continental,,mid,3.3,35384,False,False,"12-14,19-22"
R0164,Moti Mahal,Mumbai,Tier1,Biryani,,budget,3.9,38579,False,True,"12-14,19-22"
R0165,Bawarchi Kitchen,Kochi,Tier2,Indian Street,Mughlai,mid,4.1,29639,False,False,"12-14,19-22"
R0166,Bawarchi,Surat,Tier2,Continental,,premium,4.0,25751,False,False,"12-14,19-22"
R0167,The Yellow Chilli Restaurant,Delhi,Tier1,Indian Street,South Indian,premium,3.9,48740,False,True,"12-14,19-22"
R0168,Moti Mahal Diner,Surat,Tier2,Biryani,South Indian,premium,4.7,23864,False,False,"12-14,19-22"
R0169,Moti Mahal Diner,Pune,Tier1,Mughlai,,budget,4.1,44173,False,False,"12-14,19-22"
R0170,The Yellow Chilli Cafe,Chandigarh,Tier2,Biryani,,budget,3.8,31641,False,False,"12-14,19-22"
R0171,The Tandoor Restaurant,Bangalore,Tier1,Chinese,,mid,3.7,16301,False,True,"12-14,19-22"
R0172,The Yellow Chilli Restaurant,Mumbai,Tier1,Chinese,,premium,4.1,6595,False,True,"12-14,19-22"
R0173,The Tandoor Cafe,Chandigarh,Tier2,Chinese,South Indian,budget,3.3,20969,False,False,"12-14,19-22"
R0174,Domino's,Hyderabad,Tier1,South Indian,Biryani,budget,3.6,23224,True,True,"12-14,19-22"
R0175,Moti Mahal,Kochi,Tier2,North Indian,,mid,4.3,5817,False,False,"12-14,19-22"
R0176,Biryani Blues Express,Mumbai,Tier1,Continental,North Indian,budget,3.7,34899,True,False,"12-14,19-22"
R0177,Moti Mahal Cafe,Jaipur,Tier2,South Indian,,mid,4.2,35008,False,True,"12-14,19-22"
R0178,Sagar Ratna Restaurant,Delhi,Tier1,Chinese,Mughlai,budget,4.5,49181,False,True,"12-14,19-22"
R0179,The Yellow Chilli Restaurant,Delhi,Tier1,South Indian,Chinese,premium,4.4,48536,False,True,"12-14,19-22"
R0180,Moti Mahal Cafe,Hyderabad,Tier1,Indian Street,,mid,3.6,24008,False,False,"12-14,19-22"
R0181,Bawarchi Diner,Jaipur,Tier2,Indian Street,,budget,4.4,38019,False,False,"12-14,19-22"
R0182,Urban Tadka Kitchen,Bangalore,Tier1,Indian Street,,budget,4.5,36022,False,False,"12-14,19-22"
R0183,Sagar Ratna Kitchen,Surat,Tier2,Continental,Indian Street,mid,4.7,36939,False,False,"12-14,19-22"
R0184,Cafe Mocha Cafe,Delhi,Tier1,Mughlai,Biryani,premium,4.8,25674,False,False,"12-14,19-22"
R0185,Cafe Mocha Kitchen,Mumbai,Tier1,South Indian,,budget,3.9,27962,False,False,"12-14,19-22"
R0186,The Tandoor,Mumbai,Tier1,Biryani,North Indian,mid,4.5,37774,False,False,"12-14,19-22"
R0187,Bawarchi Cafe,Hyderabad,Tier1,Biryani,,mid,4.4,5874,False,False,"12-14,19-22"
R0188,Urban Tadka Diner,Kochi,Tier2,Continental,North Indian,budget,4.2,13066,False,False,"12-14,19-22"
R0189,Cafe Mocha,Pune,Tier1,Chinese,Continental,budget,3.9,46367,False,False,"12-14,19-22"
R0190,The Yellow Chilli Diner,Surat,Tier2,Mughlai,Indian Street,budget,4.1,26018,False,True,"12-14,19-22"
R0191,Cafe Mocha Diner,Hyderabad,Tier1,North Indian,Mughlai,budget,4.2,12042,False,True,"12-14,19-22"
R0192,The Tandoor Cafe,Bangalore,Tier1,Continental,Mughlai,mid,3.9,37666,False,False,"12-14,19-22"
R0193,The Yellow Chilli,Surat,Tier2,South Indian,,mid,3.5,6010,False,True,"12-14,19-22"
R0194,Moti Mahal Diner,Mumbai,Tier1,North Indian,Mughlai,premium,4.6,35292,False,False,"12-14,19-22"
R0195,Moti Mahal Cafe,Hyderabad,Tier1,Mughlai,Continental,budget,4.7,26867,False,False,"12-14,19-22"
R0196,Spice Route Diner,Pune,Tier1,Chinese,North Indian,mid,3.9,7351,False,False,"12-14,19-22"
R0197,Bawarchi Restaurant,Delhi,Tier1,South Indian,North Indian,budget,3.9,26914,False,False,"12-14,19-22"
R0198,Faasos,Lucknow,Tier2,Chinese,Biryani,budget,4.0,30234,True,False,"12-14,19-22"
R0199,Urban Tadka Diner,Lucknow,Tier2,Continental,Chinese,premium,4.0,9925,False,False,"12-14,19-22"
R0200,Urban Tadka Diner,Mumbai,Tier1,South Indian,,budget,4.3,8936,False,False,"12-14,19-22"
R0201,Spice Route Diner,Kochi,Tier2,Indian Street,,premium,4.5,3458,False,False,"12-14,19-22"
R0202,Cafe Mocha Diner,Lucknow,Tier2,Mughlai,,budget,4.2,8723,False,False,"12-14,19-22"
R0203,The Tandoor Cafe,Bangalore,Tier1,Continental,,budget,4.0,41403,False,True,"12-14,19-22"
R0204,Spice Route Restaurant,Pune,Tier1,North Indian,Chinese,premium,4.8,17303,False,False,"12-14,19-22"
R0205,Behrouz Dine-in,Lucknow,Tier2,Mughlai,,mid,3.8,24327,True,False,"12-14,19-22"
R0206,Bawarchi Restaurant,Chandigarh,Tier2,Chinese,Indian Street,mid,3.4,9948,False,False,"12-14,19-22"
R0207,Urban Tadka Kitchen,Bangalore,Tier1,Mughlai,Continental,mid,4.4,44880,False,True,"12-14,19-22"
R0208,Biryani Blues,Pune,Tier1,Biryani,Indian Street,mid,4.6,40918,True,False,"12-14,19-22"
R0209,Paradise,Delhi,Tier1,Mughlai,South Indian,budget,4.3,19591,True,False,"12-14,19-22"
R0210,Domino's Dine-in,Lucknow,Tier2,Indian Street,South Indian,budget,4.2,33585,True,False,"12-14,19-22"
R0211,Sagar Ratna Diner,Mumbai,Tier1,South Indian,,budget,3.2,14402,False,True,"12-14,19-22"
R0212,Sagar Ratna,Delhi,Tier1,Indian Street,Mughlai,budget,3.5,12880,False,False,"12-14,19-22"
R0213,Sagar Ratna Diner,Bangalore,Tier1,Mughlai,Biryani,budget,3.5,47233,False,True,"12-14,19-22"
R0214,The Tandoor Kitchen,Mumbai,Tier1,North Indian,Continental,budget,3.8,29995,False,False,"12-14,19-22"
R0215,Cafe Mocha,Kochi,Tier2,Mughlai,,budget,4.4,15222,False,False,"12-14,19-22"
R0216,Cafe Mocha Restaurant,Lucknow,Tier2,Continental,,budget,4.3,9070,False,False,"12-14,19-22"
R0217,Bawarchi,Bangalore,Tier1,Chinese,,budget,3.2,43100,False,False,"12-14,19-22"
R0218,The Yellow Chilli Restaurant,Bangalore,Tier1,Chinese,Mughlai,mid,4.0,43407,False,False,"12-14,19-22"
R0219,Behrouz Express,Delhi,Tier1,Indian Street,Continental,budget,4.6,36266,True,False,"12-14,19-22"
R0220,Moti Mahal Cafe,Mumbai,Tier1,North Indian,Mughlai,budget,3.9,44813,False,False,"12-14,19-22"
R0221,Cafe Mocha Restaurant,Delhi,Tier1,Continental,South Indian,premium,3.6,15270,False,True,"12-14,19-22"
R0222,Spice Route Diner,Chandigarh,Tier2,South Indian,Mughlai,mid,4.2,25912,False,False,"12-14,19-22"
R0223,The Yellow Chilli Kitchen,Surat,Tier2,Continental,,mid,3.4,40444,False,False,"12-14,19-22"
R0224,Urban Tadka Restaurant,Kochi,Tier2,Mughlai,Continental,premium,3.3,41900,False,False,"12-14,19-22"
R0225,Bawarchi Restaurant,Hyderabad,Tier1,North Indian,Indian Street,budget,4.7,8105,False,True,"12-14,19-22"
R0226,Sagar Ratna Kitchen,Jaipur,Tier2,South Indian,,budget,3.5,15698,False,False,"12-14,19-22"
R0227,Moti Mahal Cafe,Hyderabad,Tier1,Mughlai,Continental,budget,4.2,15181,False,False,"12-14,19-22"
R0228,The Tandoor,Bangalore,Tier1,Indian Street,,mid,4.7,9816,False,True,"12-14,19-22"
R0229,Bawarchi Cafe,Hyderabad,Tier1,North Indian,,budget,4.7,12292,False,True,"12-14,19-22"
R0230,Bikanervala,Pune,Tier1,Biryani,Continental,budget,4.1,34356,True,False,"12-14,19-22"
R0231,Urban Tadka Diner,Hyderabad,Tier1,South Indian,Chinese,budget,3.5,9587,False,True,"12-14,19-22"
R0232,The Yellow Chilli Kitchen,Lucknow,Tier2,North Indian,Indian Street,mid,4.3,49995,False,False,"12-14,19-22"
R0233,Moti Mahal,Pune,Tier1,Biryani,Chinese,budget,3.8,14874,False,False,"12-14,19-22"
R0234,Bawarchi Kitchen,Mumbai,Tier1,South Indian,Continental,premium,4.5,15495,False,True,"12-14,19-22"
R0235,The Yellow Chilli Restaurant,Hyderabad,Tier1,Indian Street,Continental,mid,4.0,40383,False,False,"12-14,19-22"
R0236,The Tandoor Kitchen,Delhi,Tier1,Biryani,Mughlai,budget,3.7,45120,False,False,"12-14,19-22"
R0237,Behrouz Dine-in,Mumbai,Tier1,North Indian,South Indian,mid,4.4,9247,True,True,"12-14,19-22"
R0238,Moti Mahal Kitchen,Chandigarh,Tier2,Mughlai,South Indian,premium,4.7,15088,False,True,"12-14,19-22"
R0239,Urban Tadka Kitchen,Bangalore,Tier1,Mughlai,Continental,budget,3.4,27285,False,False,"12-14,19-22"
R0240,Urban Tadka Cafe,Surat,Tier2,Indian Street,,budget,3.8,34265,False,False,"12-14,19-22"
R0241,Spice Route,Delhi,Tier1,Indian Street,South Indian,premium,4.6,43603,False,False,"12-14,19-22"
R0242,Urban Tadka Restaurant,Bangalore,Tier1,Biryani,Indian Street,budget,3.9,34453,False,False,"12-14,19-22"
R0243,The Yellow Chilli Restaurant,Mumbai,Tier1,Chinese,Mughlai,budget,3.6,26656,False,False,"12-14,19-22"
R0244,The Tandoor Diner,Kochi,Tier2,Indian Street,,budget,3.8,145,False,False,"12-14,19-22"
R0245,Bikanervala Cloud,Mumbai,Tier1,Chinese,Indian Street,budget,3.4,9682,True,False,"12-14,19-22"
R0246,The Tandoor,Chandigarh,Tier2,Chinese,Mughlai,premium,3.3,19920,False,True,"12-14,19-22"
R0247,Spice Route Kitchen,Delhi,Tier1,Biryani,,budget,3.6,27557,False,False,"12-14,19-22"
R0248,The Tandoor,Mumbai,Tier1,North Indian,Chinese,mid,4.0,26967,False,False,"12-14,19-22"
R0249,The Tandoor Restaurant,Lucknow,Tier2,Continental,Chinese,premium,3.5,37777,False,False,"12-14,19-22"
R0250,Biryani Blues Express,Hyderabad,Tier1,Biryani,Indian Street,budget,4.4,13929,True,True,"12-14,19-22"
R0251,Urban Tadka Restaurant,Hyderabad,Tier1,Continental,Indian Street,mid,4.7,35375,False,False,"12-14,19-22"
R0252,Urban Tadka,Bangalore,Tier1,South Indian,North Indian,premium,4.2,45135,False,False,"12-14,19-22"
R0253,Bawarchi,Mumbai,Tier1,Indian Street,,budget,4.1,9877,False,False,"12-14,19-22"
R0254,Urban Tadka Cafe,Mumbai,Tier1,South Indian,,mid,3.5,17601,False,False,"12-14,19-22"
R0255,Bawarchi,Jaipur,Tier2,Chinese,,premium,4.8,6871,False,False,"12-14,19-22"
R0256,Biryani Blues Dine-in,Delhi,Tier1,North Indian,,budget,3.4,45755,True,False,"12-14,19-22"
R0257,Bawarchi Cafe,Chandigarh,Tier2,South Indian,Biryani,premium,4.1,2327,False,False,"12-14,19-22"
R0258,Haldiram's Express,Surat,Tier2,Biryani,North Indian,budget,4.5,34519,True,True,"12-14,19-22"
R0259,Sagar Ratna Restaurant,Mumbai,Tier1,Continental,Chinese,budget,4.3,23729,False,False,"12-14,19-22"
R0260,Sagar Ratna Kitchen,Delhi,Tier1,Continental,North Indian,budget,3.3,3549,False,False,"12-14,19-22"
R0261,Sagar Ratna Restaurant,Delhi,Tier1,North Indian,Chinese,budget,4.8,19345,False,True,"12-14,19-22"
R0262,Urban Tadka Diner,Pune,Tier1,Mughlai,Continental,budget,4.0,6177,False,True,"12-14,19-22"
R0263,Biryani Blues Express,Hyderabad,Tier1,South Indian,Biryani,premium,4.0,33073,True,False,"12-14,19-22"
R0264,Urban Tadka Kitchen,Delhi,Tier1,South Indian,,budget,3.4,6083,False,True,"12-14,19-22"
R0265,Sagar Ratna Diner,Mumbai,Tier1,North Indian,,budget,3.5,43935,False,False,"12-14,19-22"
R0266,Saravana Bhavan Cloud,Hyderabad,Tier1,South Indian,,budget,3.3,10632,True,True,"12-14,19-22"
R0267,Urban Tadka Restaurant,Hyderabad,Tier1,Indian Street,South Indian,mid,4.4,24699,False,True,"12-14,19-22"
R0268,Moti Mahal Cafe,Pune,Tier1,Indian Street,Mughlai,budget,3.6,48246,False,True,"12-14,19-22"
R0269,The Yellow Chilli Cafe,Pune,Tier1,Biryani,Indian Street,budget,3.3,21029,False,False,"12-14,19-22"
R0270,Haldiram's Cloud,Bangalore,Tier1,Mughlai,Chinese,budget,3.6,41596,True,False,"12-14,19-22"
R0271,Bawarchi Restaurant,Hyderabad,Tier1,Continental,Mughlai,budget,4.6,49594,False,False,"12-14,19-22"
R0272,Behrouz Express,Chandigarh,Tier2,North Indian,Biryani,budget,4.4,29366,True,False,"12-14,19-22"
R0273,Bikanervala,Bangalore,Tier1,Indian Street,Mughlai,budget,4.1,46755,True,False,"12-14,19-22"
R0274,Urban Tadka Restaurant,Hyderabad,Tier1,Indian Street,Continental,budget,3.4,18686,False,True,"12-14,19-22"
R0275,Cafe Mocha Restaurant,Mumbai,Tier1,South Indian,,mid,3.3,16089,False,False,"12-14,19-22"
R0276,Cafe Mocha Restaurant,Mumbai,Tier1,Continental,Indian Street,mid,4.4,47123,False,False,"12-14,19-22"
R0277,Saravana Bhavan,Delhi,Tier1,Indian Street,Chinese,budget,4.7,1331,True,True,"12-14,19-22"
R0278,Spice Route Restaurant,Delhi,Tier1,Indian Street,,mid,4.8,32093,False,True,"12-14,19-22"
R0279,The Tandoor Restaurant,Delhi,Tier1,Biryani,Indian Street,premium,3.3,42183,False,False,"12-14,19-22"
R0280,The Tandoor Restaurant,Pune,Tier1,South Indian,Biryani,budget,3.9,26441,False,False,"12-14,19-22"
R0281,Saravana Bhavan Dine-in,Delhi,Tier1,Chinese,Indian Street,mid,3.8,1171,True,False,"12-14,19-22"
R0282,Sagar Ratna,Hyderabad,Tier1,Chinese,Continental,budget,3.2,4002,False,False,"12-14,19-22"
R0283,Moti Mahal Diner,Delhi,Tier1,Biryani,North Indian,mid,4.3,9019,False,False,"12-14,19-22"
R0284,Behrouz Cloud,Surat,Tier2,Indian Street,North Indian,mid,3.6,3182,True,False,"12-14,19-22"
R0285,Spice Route Restaurant,Mumbai,Tier1,Indian Street,Biryani,mid,4.6,27234,False,True,"12-14,19-22"
R0286,The Yellow Chilli Cafe,Hyderabad,Tier1,Mughlai,North Indian,mid,3.7,13069,False,True,"12-14,19-22"
R0287,Domino's Cloud,Hyderabad,Tier1,Mughlai,South Indian,budget,4.6,41391,True,True,"12-14,19-22"
R0288,Urban Tadka Cafe,Mumbai,Tier1,Chinese,North Indian,mid,3.4,19681,False,True,"12-14,19-22"
R0289,Cafe Mocha Restaurant,Kochi,Tier2,Indian Street,,mid,4.0,33584,False,True,"12-14,19-22"
R0290,Saravana Bhavan,Hyderabad,Tier1,Continental,North Indian,budget,3.6,27897,True,True,"12-14,19-22"
R0291,Sagar Ratna Kitchen,Mumbai,Tier1,Indian Street,South Indian,budget,3.2,37223,False,True,"12-14,19-22"
R0292,Spice Route Restaurant,Bangalore,Tier1,South Indian,Indian Street,mid,3.8,47391,False,True,"12-14,19-22"
R0293,The Yellow Chilli Diner,Hyderabad,Tier1,South Indian,Mughlai,budget,3.2,28610,False,False,"12-14,19-22"
R0294,Moti Mahal Cafe,Delhi,Tier1,Biryani,,budget,4.1,28111,False,False,"12-14,19-22"
R0295,The Yellow Chilli,Hyderabad,Tier1,North Indian,Chinese,budget,4.3,5236,False,False,"12-14,19-22"
R0296,Bikanervala Dine-in,Bangalore,Tier1,South Indian,,mid,4.1,44340,True,False,"12-14,19-22"
R0297,Cafe Mocha Cafe,Surat,Tier2,Biryani,South Indian,budget,4.2,16757,False,False,"12-14,19-22"
R0298,The Yellow Chilli,Delhi,Tier1,Continental,,budget,3.5,35365,False,False,"12-14,19-22"
R0299,Sagar Ratna Cafe,Delhi,Tier1,Continental,North Indian,budget,4.5,9942,False,True,"12-14,19-22"
R0300,Cafe Mocha Restaurant,Bangalore,Tier1,Indian Street,South Indian,budget,3.3,47531,False,False,"12-14,19-22"
R0301,Haldiram's Express,Bangalore,Tier1,Mughlai,North Indian,budget,3.9,46192,True,True,"12-14,19-22"
R0302,The Yellow Chilli Diner,Kochi,Tier2,South Indian,Chinese,budget,4.4,8340,False,True,"12-14,19-22"
R0303,Cafe Mocha Cafe,Kochi,Tier2,Chinese,Continental,mid,3.4,11651,False,False,"12-14,19-22"
R0304,Urban Tadka,Hyderabad,Tier1,North Indian,,budget,3.9,40094,False,False,"12-14,19-22"
R0305,Saravana Bhavan Cloud,Kochi,Tier2,South Indian,,budget,4.3,30352,True,False,"12-14,19-22"
R0306,Bawarchi,Jaipur,Tier2,Mughlai,Biryani,budget,3.4,14584,False,True,"12-14,19-22"
R0307,Cafe Mocha Cafe,Bangalore,Tier1,Continental,South Indian,budget,3.5,21732,False,False,"12-14,19-22"
R0308,Bawarchi Kitchen,Delhi,Tier1,Mughlai,North Indian,mid,4.0,44784,False,True,"12-14,19-22"
R0309,Cafe Mocha Kitchen,Mumbai,Tier1,Mughlai,Chinese,budget,4.6,19977,False,True,"12-14,19-22"
R0310,Cafe Mocha,Kochi,Tier2,South Indian,North Indian,premium,4.1,35880,False,False,"12-14,19-22"
R0311,Biryani Blues Express,Surat,Tier2,Mughlai,South Indian,budget,3.6,37491,True,False,"12-14,19-22"
R0312,Saravana Bhavan Express,Hyderabad,Tier1,Mughlai,Indian Street,budget,3.4,30037,True,False,"12-14,19-22"
R0313,Cafe Mocha Cafe,Surat,Tier2,Continental,Mughlai,mid,4.1,21828,False,True,"12-14,19-22"
R0314,Moti Mahal,Kochi,Tier2,North Indian,Chinese,mid,4.8,8915,False,True,"12-14,19-22"
R0315,Bawarchi Diner,Hyderabad,Tier1,Continental,North Indian,mid,3.8,40099,False,False,"12-14,19-22"
R0316,Moti Mahal Restaurant,Bangalore,Tier1,Chinese,Biryani,mid,3.2,25708,False,True,"12-14,19-22"
R0317,The Tandoor,Lucknow,Tier2,Continental,Biryani,mid,3.3,17329,False,False,"12-14,19-22"
R0318,Cafe Mocha Kitchen,Delhi,Tier1,Continental,,budget,4.4,17800,False,False,"12-14,19-22"
R0319,Moti Mahal Diner,Chandigarh,Tier2,North Indian,,budget,3.4,15747,False,False,"12-14,19-22"
R0320,Saravana Bhavan Express,Delhi,Tier1,South Indian,Mughlai,budget,3.4,47884,True,False,"12-14,19-22"
R0321,Biryani Blues Express,Kochi,Tier2,Indian Street,Mughlai,budget,3.4,42587,True,False,"12-14,19-22"
R0322,Cafe Mocha Cafe,Kochi,Tier2,Mughlai,South Indian,mid,4.7,39432,False,False,"12-14,19-22"
R0323,Cafe Mocha Restaurant,Delhi,Tier1,South Indian,,budget,4.3,32253,False,True,"12-14,19-22"
R0324,Cafe Mocha Cafe,Mumbai,Tier1,Biryani,Mughlai,budget,3.6,13882,False,False,"12-14,19-22"
R0325,Sagar Ratna,Chandigarh,Tier2,Biryani,,budget,4.4,43097,False,False,"12-14,19-22"
R0326,Sagar Ratna,Pune,Tier1,Indian Street,,budget,4.3,35906,False,False,"12-14,19-22"
R0327,The Yellow Chilli Cafe,Pune,Tier1,South Indian,Indian Street,budget,4.4,27992,False,False,"12-14,19-22"
R0328,The Yellow Chilli Restaurant,Bangalore,Tier1,Mughlai,South Indian,premium,4.1,128,False,False,"12-14,19-22"
R0329,Bawarchi Cafe,Pune,Tier1,Continental,Biryani,premium,4.2,14647,False,False,"12-14,19-22"
R0330,The Tandoor Diner,Pune,Tier1,Continental,Chinese,premium,4.8,49397,False,False,"12-14,19-22"
R0331,Urban Tadka Cafe,Chandigarh,Tier2,South Indian,Chinese,budget,3.2,715,False,False,"12-14,19-22"
R0332,Haldiram's Dine-in,Jaipur,Tier2,Chinese,Biryani,budget,3.2,14552,True,False,"12-14,19-22"
R0333,Behrouz Dine-in,Hyderabad,Tier1,South Indian,,budget,4.2,17318,True,True,"12-14,19-22"
R0334,Sagar Ratna Cafe,Surat,Tier2,Indian Street,Biryani,mid,3.8,30750,False,True,"12-14,19-22"
R0335,Spice Route Restaurant,Pune,Tier1,Chinese,Indian Street,budget,3.8,10759,False,False,"12-14,19-22"
R0336,Moti Mahal Kitchen,Pune,Tier1,Continental,Indian Street,premium,4.2,16263,False,False,"12-14,19-22"
R0337,Urban Tadka Diner,Delhi,Tier1,Chinese,Continental,budget,3.6,16419,False,False,"12-14,19-22"
R0338,The Yellow Chilli Diner,Delhi,Tier1,Indian Street,,budget,4.5,26084,False,False,"12-14,19-22"
R0339,Moti Mahal Restaurant,Jaipur,Tier2,South Indian,Mughlai,budget,4.5,26953,False,False,"12-14,19-22"
R0340,Bawarchi Kitchen,Surat,Tier2,Continental,North Indian,budget,3.8,46661,False,True,"12-14,19-22"
R0341,The Tandoor Cafe,Delhi,Tier1,North Indian,South Indian,budget,4.7,20080,False,True,"12-14,19-22"
R0342,Paradise Cloud,Jaipur,Tier2,Biryani,North Indian,premium,3.5,302,True,False,"12-14,19-22"
R0343,Saravana Bhavan Cloud,Jaipur,Tier2,North Indian,Indian Street,budget,4.2,6547,True,False,"12-14,19-22"
R0344,Bawarchi,Jaipur,Tier2,Biryani,North Indian,mid,4.3,9117,False,False,"12-14,19-22"
R0345,The Yellow Chilli,Lucknow,Tier2,Mughlai,,premium,4.3,13567,False,True,"12-14,19-22"
R0346,Cafe Mocha Diner,Mumbai,Tier1,Indian Street,,mid,4.3,39491,False,False,"12-14,19-22"
R0347,Domino's Express,Mumbai,Tier1,North Indian,South Indian,mid,4.7,44592,True,True,"12-14,19-22"
R0348,Cafe Mocha Kitchen,Chandigarh,Tier2,North Indian,Continental,budget,3.6,2580,False,True,"12-14,19-22"
R0349,Spice Route Restaurant,Delhi,Tier1,Mughlai,Chinese,budget,3.8,25896,False,False,"12-14,19-22"
R0350,Spice Route Kitchen,Surat,Tier2,Indian Street,North Indian,budget,4.8,16979,False,False,"12-14,19-22"
R0351,Urban Tadka Diner,Bangalore,Tier1,Continental,,budget,3.2,12914,False,True,"12-14,19-22"
R0352,The Yellow Chilli Diner,Hyderabad,Tier1,North Indian,Biryani,mid,4.3,38640,False,True,"12-14,19-22"
R0353,Urban Tadka,Hyderabad,Tier1,Indian Street,,mid,4.8,21584,False,True,"12-14,19-22"
R0354,Bawarchi Restaurant,Bangalore,Tier1,Biryani,Continental,mid,3.3,13557,False,False,"12-14,19-22"
R0355,Spice Route Diner,Kochi,Tier2,Mughlai,South Indian,budget,3.2,43889,False,False,"12-14,19-22"
R0356,Cafe Mocha Diner,Jaipur,Tier2,North Indian,,premium,3.9,5218,False,True,"12-14,19-22"
R0357,Behrouz Express,Delhi,Tier1,Biryani,Indian Street,budget,4.5,35747,True,True,"12-14,19-22"
R0358,Cafe Mocha Cafe,Hyderabad,Tier1,Chinese,Indian Street,budget,4.2,33415,False,False,"12-14,19-22"
R0359,Cafe Mocha,Mumbai,Tier1,Continental,North Indian,budget,3.7,6974,False,False,"12-14,19-22"
R0360,The Yellow Chilli Diner,Bangalore,Tier1,North Indian,South Indian,mid,4.0,17648,False,False,"12-14,19-22"
R0361,Domino's Express,Mumbai,Tier1,North Indian,Continental,mid,4.7,25122,True,True,"12-14,19-22"
R0362,Biryani Blues Cloud,Surat,Tier2,Continental,Biryani,mid,3.3,37167,True,False,"12-14,19-22"
R0363,Urban Tadka Cafe,Bangalore,Tier1,Continental,,budget,4.8,49551,False,False,"12-14,19-22"
R0364,Bawarchi Restaurant,Pune,Tier1,Chinese,South Indian,budget,4.4,8662,False,True,"12-14,19-22"
R0365,Saravana Bhavan Express,Kochi,Tier2,Chinese,Continental,premium,3.8,2908,True,False,"12-14,19-22"
R0366,Domino's Express,Mumbai,Tier1,South Indian,,budget,4.2,34062,True,False,"12-14,19-22"
R0367,Moti Mahal Diner,Chandigarh,Tier2,North Indian,South Indian,mid,4.3,3370,False,True,"12-14,19-22"
R0368,Haldiram's Dine-in,Hyderabad,Tier1,Continental,,budget,3.4,26554,True,False,"12-14,19-22"
R0369,Sagar Ratna Diner,Lucknow,Tier2,Indian Street,,budget,3.9,14616,False,False,"12-14,19-22"
R0370,Cafe Mocha Diner,Bangalore,Tier1,South Indian,,budget,3.4,5637,False,True,"12-14,19-22"
R0371,The Tandoor Kitchen,Mumbai,Tier1,North Indian,South Indian,mid,3.3,24032,False,False,"12-14,19-22"
R0372,Moti Mahal,Pune,Tier1,Continental,,budget,3.8,19798,False,False,"12-14,19-22"
R0373,The Tandoor,Jaipur,Tier2,North Indian,,mid,4.7,16373,False,False,"12-14,19-22"
R0374,Paradise Express,Kochi,Tier2,Biryani,Chinese,mid,4.2,32599,True,True,"12-14,19-22"
R0375,Spice Route Restaurant,Bangalore,Tier1,South Indian,Chinese,premium,3.3,28725,False,False,"12-14,19-22"
R0376,The Yellow Chilli,Lucknow,Tier2,South Indian,,budget,4.4,11172,False,False,"12-14,19-22"
R0377,The Tandoor Restaurant,Hyderabad,Tier1,Chinese,South Indian,mid,4.7,14309,False,False,"12-14,19-22"
R0378,The Tandoor Restaurant,Pune,Tier1,South Indian,Mughlai,mid,3.5,1169,False,True,"12-14,19-22"
R0379,Moti Mahal Kitchen,Delhi,Tier1,Chinese,Mughlai,premium,4.0,18412,False,True,"12-14,19-22"
R0380,Urban Tadka Kitchen,Jaipur,Tier2,Indian Street,Biryani,budget,4.2,44958,False,False,"12-14,19-22"
R0381,Domino's Dine-in,Chandigarh,Tier2,Continental,,mid,3.8,25830,True,True,"12-14,19-22"
R0382,Bawarchi Kitchen,Hyderabad,Tier1,Indian Street,,mid,3.9,28645,False,True,"12-14,19-22"
R0383,The Tandoor Diner,Chandigarh,Tier2,North Indian,South Indian,budget,4.2,19352,False,False,"12-14,19-22"
R0384,Spice Route Restaurant,Lucknow,Tier2,Indian Street,Chinese,budget,3.9,13725,False,False,"12-14,19-22"
R0385,Spice Route Kitchen,Bangalore,Tier1,Biryani,,budget,4.5,3949,False,False,"12-14,19-22"
R0386,Spice Route,Jaipur,Tier2,South Indian,North Indian,budget,4.6,37080,False,False,"12-14,19-22"
R0387,Sagar Ratna Cafe,Jaipur,Tier2,North Indian,Indian Street,premium,4.2,19353,False,False,"12-14,19-22"
R0388,Bawarchi,Chandigarh,Tier2,Biryani,North Indian,budget,4.7,38451,False,True,"12-14,19-22"
R0389,Bikanervala Express,Surat,Tier2,Indian Street,Chinese,budget,4.5,47222,True,False,"12-14,19-22"
R0390,Paradise Dine-in,Pune,Tier1,South Indian,Mughlai,mid,4.0,40519,True,False,"12-14,19-22"
R0391,Spice Route Restaurant,Bangalore,Tier1,Continental,Indian Street,budget,4.5,23162,False,True,"12-14,19-22"
R0392,Biryani Blues,Jaipur,Tier2,Biryani,Continental,budget,4.6,42452,True,True,"12-14,19-22"
R0393,Sagar Ratna,Lucknow,Tier2,Mughlai,,mid,4.2,726,False,False,"12-14,19-22"
R0394,Cafe Mocha Kitchen,Surat,Tier2,Indian Street,Continental,mid,4.7,7672,False,False,"12-14,19-22"
R0395,The Yellow Chilli Cafe,Mumbai,Tier1,North Indian,Continental,budget,4.2,22682,False,False,"12-14,19-22"
R0396,Moti Mahal Cafe,Mumbai,Tier1,Chinese,,budget,3.9,34295,False,True,"12-14,19-22"
R0397,The Tandoor Restaurant,Jaipur,Tier2,Biryani,,budget,3.9,20239,False,False,"12-14,19-22"
R0398,The Yellow Chilli Restaurant,Hyderabad,Tier1,Continental,Indian Street,mid,3.3,12045,False,True,"12-14,19-22"
R0399,Cafe Mocha Diner,Kochi,Tier2,South Indian,Biryani,mid,3.4,25658,False,False,"12-14,19-22"
R0400,Moti Mahal Kitchen,Surat,Tier2,Biryani,,budget,3.3,29517,False,False,"12-14,19-22"
R0401,Sagar Ratna Restaurant,Lucknow,Tier2,Indian Street,,mid,4.7,38054,False,False,"12-14,19-22"
R0402,Urban Tadka,Chandigarh,Tier2,North Indian,Biryani,budget,4.5,36112,False,False,"12-14,19-22"
R0403,Moti Mahal Cafe,Bangalore,Tier1,Indian Street,Biryani,budget,4.4,41351,False,False,"12-14,19-22"
R0404,Urban Tadka Kitchen,Surat,Tier2,North Indian,Biryani,budget,4.7,20906,False,False,"12-14,19-22"
R0405,Bawarchi,Delhi,Tier1,Indian Street,,premium,4.4,43734,False,False,"12-14,19-22"
R0406,The Yellow Chilli Diner,Kochi,Tier2,Continental,,budget,3.9,30458,False,True,"12-14,19-22"
R0407,The Tandoor Kitchen,Jaipur,Tier2,Mughlai,Chinese,budget,3.3,2262,False,False,"12-14,19-22"
R0408,Cafe Mocha Cafe,Kochi,Tier2,Continental,,budget,3.2,2275,False,True,"12-14,19-22"
R0409,Sagar Ratna Diner,Mumbai,Tier1,Mughlai,,mid,4.6,26572,False,True,"12-14,19-22"
R0410,Spice Route Cafe,Chandigarh,Tier2,Indian Street,,mid,4.5,19312,False,False,"12-14,19-22"
R0411,Urban Tadka,Delhi,Tier1,Continental,Mughlai,mid,3.5,5191,False,False,"12-14,19-22"
R0412,Moti Mahal Restaurant,Bangalore,Tier1,Continental,,budget,3.6,1254,False,False,"12-14,19-22"
R0413,Cafe Mocha,Lucknow,Tier2,North Indian,Chinese,budget,3.6,47391,False,False,"12-14,19-22"
R0414,The Tandoor Restaurant,Jaipur,Tier2,Continental,Biryani,budget,4.3,2169,False,True,"12-14,19-22"
R0415,Cafe Mocha Restaurant,Delhi,Tier1,Mughlai,,premium,4.1,19789,False,False,"12-14,19-22"
R0416,The Tandoor Restaurant,Mumbai,Tier1,Biryani,Chinese,budget,4.8,38496,False,False,"12-14,19-22"
R0417,Bawarchi Kitchen,Mumbai,Tier1,Mughlai,,mid,4.4,39697,False,True,"12-14,19-22"
R0418,Bawarchi Diner,Surat,Tier2,Chinese,South Indian,mid,3.3,15433,False,False,"12-14,19-22"
R0419,The Yellow Chilli,Bangalore,Tier1,Indian Street,South Indian,budget,3.4,46557,False,False,"12-14,19-22"
R0420,Spice Route,Jaipur,Tier2,Indian Street,Biryani,budget,4.6,32088,False,False,"12-14,19-22"
R0421,The Tandoor Kitchen,Surat,Tier2,Mughlai,South Indian,mid,3.8,4326,False,True,"12-14,19-22"
R0422,Behrouz,Hyderabad,Tier1,Chinese,,budget,3.6,13403,True,False,"12-14,19-22"
R0423,The Yellow Chilli Kitchen,Chandigarh,Tier2,Continental,Indian Street,mid,4.5,28101,False,False,"12-14,19-22"
R0424,Cafe Mocha Diner,Jaipur,Tier2,Indian Street,Chinese,budget,3.9,8409,False,False,"12-14,19-22"
R0425,The Yellow Chilli Restaurant,Chandigarh,Tier2,Indian Street,,budget,4.5,19063,False,False,"12-14,19-22"
R0426,Faasos,Delhi,Tier1,Biryani,North Indian,mid,4.7,3372,True,True,"12-14,19-22"
R0427,The Tandoor Cafe,Lucknow,Tier2,North Indian,Continental,mid,3.5,19877,False,False,"12-14,19-22"
R0428,The Yellow Chilli,Surat,Tier2,Chinese,,mid,4.4,8892,False,False,"12-14,19-22"
R0429,Urban Tadka,Mumbai,Tier1,Indian Street,Continental,budget,4.4,9692,False,True,"12-14,19-22"
R0430,Moti Mahal Restaurant,Kochi,Tier2,Continental,Biryani,premium,3.9,10481,False,False,"12-14,19-22"
R0431,Urban Tadka Cafe,Hyderabad,Tier1,Mughlai,,mid,3.7,7851,False,False,"12-14,19-22"
R0432,Bawarchi Cafe,Bangalore,Tier1,Continental,,budget,3.7,5122,False,True,"12-14,19-22"
R0433,Cafe Mocha Restaurant,Chandigarh,Tier2,North Indian,Chinese,mid,4.4,38957,False,False,"12-14,19-22"
R0434,The Yellow Chilli Restaurant,Bangalore,Tier1,Biryani,,premium,3.9,29033,False,False,"12-14,19-22"
R0435,The Tandoor Kitchen,Bangalore,Tier1,Chinese,South Indian,mid,4.3,42740,False,False,"12-14,19-22"
R0436,Bawarchi Diner,Pune,Tier1,North Indian,,premium,4.4,33213,False,True,"12-14,19-22"
R0437,Sagar Ratna Kitchen,Hyderabad,Tier1,Indian Street,Biryani,mid,4.0,30913,False,False,"12-14,19-22"
R0438,The Yellow Chilli Kitchen,Chandigarh,Tier2,South Indian,Indian Street,budget,3.9,38813,False,False,"12-14,19-22"
R0439,Sagar Ratna Diner,Kochi,Tier2,Chinese,Mughlai,mid,3.8,40498,False,True,"12-14,19-22"
R0440,Bawarchi Diner,Pune,Tier1,Continental,Mughlai,premium,4.6,23381,False,False,"12-14,19-22"
R0441,The Yellow Chilli Kitchen,Lucknow,Tier2,Continental,Chinese,mid,4.6,9802,False,True,"12-14,19-22"
R0442,Paradise Cloud,Chandigarh,Tier2,Mughlai,North Indian,budget,3.6,1018,True,True,"12-14,19-22"
R0443,Saravana Bhavan Express,Bangalore,Tier1,Chinese,Biryani,mid,3.9,31533,True,True,"12-14,19-22"
R0444,Moti Mahal Cafe,Kochi,Tier2,North Indian,,mid,4.7,12661,False,False,"12-14,19-22"
R0445,Faasos Dine-in,Chandigarh,Tier2,Mughlai,,budget,3.5,41794,True,False,"12-14,19-22"
R0446,Moti Mahal Restaurant,Hyderabad,Tier1,Indian Street,,budget,4.6,24263,False,False,"12-14,19-22"
R0447,Saravana Bhavan,Mumbai,Tier1,Biryani,,budget,3.7,12928,True,False,"12-14,19-22"
R0448,Cafe Mocha,Surat,Tier2,Mughlai,Chinese,budget,4.2,45573,False,False,"12-14,19-22"
R0449,Urban Tadka,Bangalore,Tier1,Biryani,Indian Street,premium,4.4,25517,False,False,"12-14,19-22"
R0450,Spice Route Restaurant,Pune,Tier1,Chinese,,mid,4.1,37253,False,True,"12-14,19-22"
R0451,Moti Mahal,Surat,Tier2,Mughlai,North Indian,premium,3.3,1682,False,True,"12-14,19-22"
R0452,The Yellow Chilli Restaurant,Bangalore,Tier1,Biryani,North Indian,mid,3.7,32523,False,False,"12-14,19-22"
R0453,The Tandoor,Hyderabad,Tier1,Indian Street,,budget,4.4,16401,False,True,"12-14,19-22"
R0454,Urban Tadka Kitchen,Mumbai,Tier1,Indian Street,,budget,3.3,47279,False,False,"12-14,19-22"
R0455,The Tandoor Diner,Hyderabad,Tier1,North Indian,Biryani,budget,4.6,26540,False,True,"12-14,19-22"
R0456,Urban Tadka Cafe,Jaipur,Tier2,North Indian,,premium,3.9,9754,False,False,"12-14,19-22"
R0457,Spice Route,Pune,Tier1,Biryani,,mid,3.6,34403,False,False,"12-14,19-22"
R0458,Cafe Mocha Cafe,Mumbai,Tier1,Biryani,Mughlai,budget,3.6,32668,False,True,"12-14,19-22"
R0459,Spice Route Diner,Mumbai,Tier1,Indian Street,Biryani,mid,4.0,30176,False,True,"12-14,19-22"
R0460,Urban Tadka Kitchen,Chandigarh,Tier2,Biryani,South Indian,budget,4.2,34882,False,False,"12-14,19-22"
R0461,Urban Tadka Cafe,Bangalore,Tier1,Biryani,North Indian,budget,4.0,21162,False,False,"12-14,19-22"
R0462,Saravana Bhavan Express,Pune,Tier1,Indian Street,,budget,4.1,23531,True,False,"12-14,19-22"
R0463,Moti Mahal Diner,Hyderabad,Tier1,South Indian,,premium,3.5,48544,False,False,"12-14,19-22"
R0464,Cafe Mocha Kitchen,Chandigarh,Tier2,South Indian,Mughlai,premium,4.0,11636,False,False,"12-14,19-22"
R0465,Bawarchi Diner,Kochi,Tier2,North Indian,,budget,4.6,5541,False,True,"12-14,19-22"
R0466,Moti Mahal Restaurant,Mumbai,Tier1,Biryani,,premium,3.7,23190,False,False,"12-14,19-22"
R0467,Moti Mahal,Kochi,Tier2,Chinese,Indian Street,budget,3.7,10842,False,True,"12-14,19-22"
R0468,Urban Tadka,Mumbai,Tier1,South Indian,Continental,mid,4.6,28694,False,True,"12-14,19-22"
R0469,The Tandoor Cafe,Mumbai,Tier1,Biryani,Indian Street,budget,4.5,1823,False,True,"12-14,19-22"
R0470,Sagar Ratna Cafe,Mumbai,Tier1,Indian Street,Mughlai,budget,3.7,6182,False,False,"12-14,19-22"
R0471,Sagar Ratna,Bangalore,Tier1,Mughlai,North Indian,mid,4.5,18035,False,False,"12-14,19-22"
R0472,Behrouz,Kochi,Tier2,Chinese,Mughlai,mid,3.7,38004,True,True,"12-14,19-22"
R0473,Spice Route Restaurant,Lucknow,Tier2,Mughlai,,budget,4.2,35401,False,True,"12-14,19-22"
R0474,Bikanervala Dine-in,Pune,Tier1,Chinese,North Indian,budget,3.4,15683,True,False,"12-14,19-22"
R0475,Moti Mahal Diner,Bangalore,Tier1,North Indian,South Indian,budget,3.4,22908,False,False,"12-14,19-22"
R0476,The Tandoor Restaurant,Kochi,Tier2,Indian Street,South Indian,mid,3.6,48888,False,False,"12-14,19-22"
R0477,Sagar Ratna Restaurant,Surat,Tier2,Chinese,Indian Street,budget,3.8,43133,False,True,"12-14,19-22"
R0478,Sagar Ratna Kitchen,Jaipur,Tier2,Chinese,,budget,3.3,25044,False,False,"12-14,19-22"
R0479,Behrouz,Jaipur,Tier2,Chinese,North Indian,budget,4.7,15938,True,False,"12-14,19-22"
R0480,The Tandoor,Chandigarh,Tier2,Chinese,,budget,4.3,26141,False,True,"12-14,19-22"
R0481,Domino's,Pune,Tier1,Indian Street,Chinese,budget,4.4,20889,True,True,"12-14,19-22"
R0482,The Yellow Chilli Restaurant,Pune,Tier1,Mughlai,North Indian,mid,3.3,20259,False,False,"12-14,19-22"
R0483,Domino's,Mumbai,Tier1,North Indian,South Indian,mid,4.8,943,True,True,"12-14,19-22"
R0484,Faasos,Hyderabad,Tier1,Chinese,Continental,premium,3.7,33970,True,False,"12-14,19-22"
R0485,Behrouz Cloud,Hyderabad,Tier1,Mughlai,,budget,4.8,9348,True,True,"12-14,19-22"
R0486,Urban Tadka Diner,Surat,Tier2,Continental,,budget,4.8,44862,False,False,"12-14,19-22"
R0487,Bawarchi Diner,Kochi,Tier2,North Indian,,premium,3.7,12661,False,False,"12-14,19-22"
R0488,Bawarchi Diner,Hyderabad,Tier1,Mughlai,Indian Street,mid,4.0,49926,False,False,"12-14,19-22"
R0489,Sagar Ratna Restaurant,Chandigarh,Tier2,North Indian,Chinese,premium,4.1,18426,False,True,"12-14,19-22"
R0490,Faasos,Lucknow,Tier2,Continental,Mughlai,mid,4.0,14797,True,True,"12-14,19-22"
R0491,The Yellow Chilli Cafe,Bangalore,Tier1,Mughlai,,budget,4.2,28567,False,True,"12-14,19-22"
R0492,Domino's Cloud,Pune,Tier1,Mughlai,Continental,mid,4.2,41858,True,False,"12-14,19-22"
R0493,Biryani Blues Dine-in,Mumbai,Tier1,North Indian,Indian Street,premium,4.3,241,True,True,"12-14,19-22"
R0494,Behrouz Express,Mumbai,Tier1,Chinese,,mid,3.6,17678,True,False,"12-14,19-22"
R0495,Biryani Blues Cloud,Hyderabad,Tier1,Chinese,,premium,4.5,48177,True,True,"12-14,19-22"
R0496,Moti Mahal Diner,Delhi,Tier1,South Indian,Continental,budget,4.7,19522,False,False,"12-14,19-22"
R0497,Saravana Bhavan Cloud,Pune,Tier1,Biryani,North Indian,budget,3.7,43390,True,False,"12-14,19-22"
R0498,The Tandoor Restaurant,Chandigarh,Tier2,Indian Street,,mid,4.5,26868,False,False,"12-14,19-22"
R0499,Behrouz Express,Delhi,Tier1,South Indian,Chinese,budget,4.4,34492,True,True,"12-14,19-22"
R0500,Urban Tadka Cafe,Pune,Tier1,Indian Street,Mughlai,premium,4.7,6986,False,False,"12-14,19-22"
